<?xml version="1.0" encoding="UTF-8"?>
<office:document-meta xmlns:office="urn:oasis:names:tc:opendocument:xmlns:office:1.0" xmlns:xlink="http://www.w3.org/1999/xlink" xmlns:dc="http://purl.org/dc/elements/1.1/" xmlns:meta="urn:oasis:names:tc:opendocument:xmlns:meta:1.0" xmlns:ooo="http://openoffice.org/2004/office" xmlns:grddl="http://www.w3.org/2003/g/data-view#" office:version="1.2"><office:meta><meta:creation-date>2022-02-02T02:21:44.72</meta:creation-date><dc:date>2022-02-21T07:29:52.43</dc:date><meta:editing-duration>P2DT6H31M41S</meta:editing-duration><meta:editing-cycles>232</meta:editing-cycles><meta:generator>OpenOffice/4.1.10$Win32 OpenOffice.org_project/4110m2$Build-9807</meta:generator><meta:document-statistic meta:table-count="3" meta:cell-count="617" meta:object-count="0"/></office:meta></office:document-meta>